id,type,mutibility,description,syntax
1,bool,"immutable
",Boolean value,True
2,bytearray,"mutable
",bytes,
3,bytes,"immutable
",,
4,complex,"immutable
",Complex number,
5,dict,"mutable
",Associative array,False
6,ellipsis,"immutable
",ellipsis,Ellipsis
7,float,"immutable
",Double precision,
8,frozenset,"immutable
",set,True
9,int,"immutable
",Integer,
10,list,"mutable
",List,True
11,NoneType,"immutable
",Null,None
12,NotImplementedType,"immutable
",overloaded operators,NotImplemented
13,range,"immutable
",,
14,set,"mutable
",set,True
15,str,"immutable
",character string,
16,tuple,"immutable
",,True
17,bool,"immutable
",Boolean value,True
18,bytearray,"mutable
",bytes,
19,bytes,"immutable
",,
20,complex,"immutable
",Complex number,
21,dict,"mutable
",Associative array,False
22,ellipsis,"immutable
",ellipsis,Ellipsis
23,float,"immutable
",Double precision,
24,frozenset,"immutable
",set,True
25,int,"immutable
",Integer,
26,list,"mutable
",List,True
27,NoneType,"immutable
",Null,None
28,NotImplementedType,"immutable
",overloaded operators,NotImplemented
29,range,"immutable
",,
30,set,"mutable
",set,True
31,str,"immutable
",character string,
32,tuple,"immutable
",,True
33,bool,"immutable
",Boolean value,True
34,bytearray,"mutable
",bytes,
35,bytes,"immutable
",,
36,complex,"immutable
",Complex number,
37,dict,"mutable
",Associative array,False
38,ellipsis,"immutable
",ellipsis,Ellipsis
39,float,"immutable
",Double precision,
40,frozenset,"immutable
",set,True
41,int,"immutable
",Integer,
42,list,"mutable
",List,True
43,NoneType,"immutable
",Null,None
44,NotImplementedType,"immutable
",overloaded operators,NotImplemented
45,range,"immutable
",,
46,set,"mutable
",set,True
47,str,"immutable
",character string,
48,tuple,"immutable
",,True
